user_id,child_id
55622,3728160
64724,3785817
119764,3662322
144528,3567267
182278,3796119
193308,3496266
215791,3746317
233067,3576830
283449,3496720
302915,3712906
326541,3680631
348410,321964
386048,3812405
388526,3712636
412235,3330291
414958,3394374
415415,3399685
422038,3334647
433845,407157
440721,3708880
617798,3661330
619112,4078695
623857,3927370
651322,3622177
684212,3398384
723614,3619481
769908,4006988
790760,3779207
835906,3823269
839979,3494037
851323,3789238
895985,3812846
897131,4083910
903827,3363269
920778,3532802
924196,3271857
927289,3737736
947626,3824628
968000,3294868
1005914,4153065
1006411,3777531
1038715,3380666
1044086,3576244
1044936,3743356
1047596,3609743
1062603,3844561
1062603,3844569
1064997,3846809
1066557,3904919
1071049,3849668
1102365,3539324
1112094,3470343
1130800,3519353
1157274,3783545
1159258,3792891
1185442,3419047
1201542,3492523
1213207,3466969
1225295,3371656
1225295,3371673
1235136,3873626
1291449,3799704
1304708,3404096
1321952,3932010
1322217,3765916
1332674,3505418
1336231,3361550
1348879,3348403
1350408,3216061
1354571,3345060
1368682,3303012
1374570,3798622
1378418,3329420
1407652,3441932
1409820,3648330
1417923,3355241
1419878,3365693
1423715,3394360
1430799,3390555
1436568,3845649
1475647,3550999
1483116,3564796
1493089,3371236
1493137,3558252
1499487,3548644
1502341,3576363
1510301,3651209
1514017,4321177
1516253,3350613
1534926,3900765
1537817,3487589
1541941,3538072
1542280,3252927
1544669,3604305
1549614,3357653
1551830,3593932
1559021,3599673
1559783,3555664
1563004,3407387
1570014,3466262
1570665,4352596
1571357,3749794
1571445,3779040
1571851,3362993
1575702,3641753
1580463,3625592
1580593,3654927
1590531,3599361
1590796,3737162
1601391,3656416
1608484,3649249
1609644,3811766
1613029,3973309
1615886,3718411
1616967,3742213
1623165,3212035
1627492,3395833
1640035,3383765
1643186,3462532
1643367,3280188
1644797,3822922
1672186,3765646
1672475,3653326
1674169,3336123
1678624,3313148
1679177,3264518
1687150,3799846
1691543,3325315
1691828,3501630
1712540,3393166
1718797,3896819
1728145,4273547
1739079,3375185
1741930,3560613
1752323,3799222
1759002,3765304
1772998,3664861
1774163,1720074
1774723,3517269
1776804,3397001
1779748,3480649
1791441,3841335
1794462,3125702
1798539,3373418
1799014,4128134
1799114,4123478
1805055,3588977
1808251,3765719
1813988,3335367
1814665,3835497
1816691,3631208
1817091,3841623
1820430,3416120
1828932,3247397
1828932,3247403
1832998,3511936
1836337,3782937
1836555,4325264
1843491,3814291
1846526,3642126
1850403,3011823
1857191,3300470
1857666,3580905
1867904,3322610
1868088,3611557
1876561,3537284
1883444,3601687
1884812,3478922
1886158,3453442
1889552,1821835
1899443,4051256
1899883,3620053
1901346,3403510
1910916,3740720
1910916,3740725
1932595,3697357
1933094,3841969
1936737,3369320
1940683,3523734
1943622,3710526
1951248,3351228
1953082,3791967
1953616,3470913
1956041,3388325
1957914,3467919
1963286,3613268
1963286,3613417
1963291,4029276
1967667,3578103
1970738,3492099
1970915,3380413
1975264,3893526
1978160,3466446
1979594,3513776
1980073,3582229
1980549,3603884
1983977,3717564
1984568,3490281
1986742,3479791
1988074,4252749
1989278,4155072
1994982,3483079
1999372,3449658
2001808,3841824
2002122,3441330
2005061,3378703
2005133,3466511
2006673,3693433
2011074,3675156
2018230,3940889
2020103,3546385
2021744,3832830
2024478,3400296
2025313,3909269
2026165,3895224
2032795,3302190
2032795,3302195
2034745,3801069
2038371,3046584
2043232,3461304
2048910,3353206
2050668,3793704
2052161,3576276
2059986,3573606
2060204,4173806
2061209,3848037
2066394,4011324
2066484,3790697
2068722,2002051
2069280,4023802
2072674,3538302
2073547,3578871
2076316,4120967
2077893,3631176
2079047,4014379
2079222,3785796
2079343,3136442
2080428,3544742
2080551,3909174
2081298,3880269
2081412,3420398
2086491,3771320
2091241,3768672
2099092,3466284
2104112,4155688
2106380,3818228
2108842,3611395
2115518,3725073
2117512,3888949
2117824,2063722
2120315,3684390
2125226,4252937
2126887,3678386
2130978,3226513
2136864,2084940
2138626,3505641
2138804,3471836
2139068,2455866
2141532,3282220
2142179,3667524
2143349,3487585
2146948,3472320
2150344,3854775
2154617,3665605
2157367,3482734
2160930,3818312
2170651,3896413
2184633,3874140
2194620,3830407
2202147,3822899
2202302,3827086
2204825,3855328
2206799,3868702
2210002,3621028
2212753,4126504
2214707,2157116
2215041,3933288
2218653,4108731
2221755,3294545
2222122,3608163
2224242,3368953
2228893,3497456
2230479,3986093
2230850,3538142
2235116,3838662
2236401,3808633
2242198,2181539
2253708,3852560
2253744,3945708
2254944,3599029
2255009,3208586
2264766,3457000
2265307,3840392
2265470,3260312
2266528,3710038
2270064,3596453
2273482,3853803
2273817,3503761
2275308,3503199
2277333,3780225
2277663,3967383
2278615,3321363
2280184,4358793
2280596,3592862
2284140,3766298
2287456,3754696
2287701,3774731
2292582,3793775
2299975,4250456
2302351,3816593
2302575,3350807
2307273,3791537
2308318,3821283
2309512,3403342
2312631,3604229
2323171,3446351
2323533,3299076
2324172,3840059
2324698,3866634
2324706,3849055
2326222,3333339
2327474,3761560
2330612,3556389
2334681,3425559
2338623,4129297
2340577,3524346
2343078,4016820
2346981,3599409
2349086,3675548
2351155,3872549
2353631,3589015
2355427,3807627
2356644,4012935
2356978,3548739
2358930,3793603
2359107,3352673
2361507,3349775
2376111,3524212
2378233,3404736
2386422,3292453
2390726,3827730
2391357,3339654
2395368,3337846
2396638,3346667
2397801,3372673
2398005,3440484
2399795,3898790
2405884,3023596
2410800,3311250
2411333,3422975
2412005,3558469
2417976,3568935
2418217,3779226
2422898,3859476
2425893,3802003
2427626,3707680
2431846,3414934
2434779,3470128
2436536,3476583
2436930,3395099
2438031,3182187
2439997,2359532
2440159,3569935
2440677,3526376
2440956,3568295
2442874,3618301
2443714,3459724
2444080,3513422
2448921,3458578
2450641,3676112
2452457,3577238
2455055,3579370
2457123,3490358
2457684,2984970
2458253,3367925
2459017,3843071
2464749,3467317
2465029,3875120
2465473,3304273
2467053,4111955
2467468,3624473
2470145,3598949
2473570,3812037
2473664,3586518
2473809,3321577
2476705,3501234
2482046,4087078
2484666,3454135
2485829,3175036
2488251,3738948
2492379,4083538
2494793,3640394
2495009,3744980
2495769,3375908
2496746,3352250
2500297,3543294
2501475,3633969
2503134,3596179
2503209,3231909
2507348,2429622
2507940,3480292
2510041,3624097
2514973,3680708
2515000,3605290
2516352,3751294
2526188,3667482
2527306,3894656
2528371,2455377
2528506,3777671
2531768,3865366
2535950,3494530
2536889,4024379
2540526,3538137
2540601,3520297
2541736,4018347
2542727,3613238
2542792,3812501
2544239,4121545
2544365,3657271
2544881,4003418
2545281,3321341
2550299,3802894
2551809,3326658
2552088,3496332
2553921,3551168
2556139,3634762
2558045,3487829
2558748,4262535
2558807,3395105
2560467,3843075
2560782,3747055
2560995,3383741
2563223,3455153
2565558,3744285
2568204,3404382
2568327,3491149
2569175,3562562
2569423,3352109
2571207,3749866
2572388,3628726
2575472,3116241
2575472,3116273
2576705,3842150
2579839,4145891
2579927,3608082
2584258,3661829
2586708,3762153
2586735,3544324
2589815,4330382
2590145,4248051
2590787,3821984
2594503,3630361
2597391,3651274
2600140,3840908
2600152,3653329
2600776,3679830
2603216,3845634
2603353,3815533
2603669,3579363
2604803,3843534
2607607,3764630
2608185,3653149
2608768,3791272
2611579,3429049
2615513,3537017
2616299,3843784
2622957,4330010
2635140,3621859
2637798,3785987
2638272,3736296
2639651,3909504
2650992,3594131
2653633,3844967
2654674,3549619
2655218,3801281
2655684,3577909
2656737,3390426
2663549,3562567
2665979,3881028
2669779,3575769
2681187,3856302
2684000,3766721
2684145,3405863
2692644,3899599
2697057,3893144
2700471,3360102
2701055,3584624
2703068,3408258
2707823,3814280
2709897,3818463
2713396,3210423
2718286,3874560
2725867,3895175
2740212,3216224
2748022,3834886
2750638,3582466
2751431,3614336
2752112,3466998
2753807,3919405
2757639,3707825
2760995,3821202
2761633,3400152
2762946,3747952
2767638,3857136
2767734,3738071
2768797,3283592
2770578,3469752
2770911,4389047
2775242,3528794
2777845,3616317
2781163,3579887
2782982,2744544
2783612,3377567
2785642,3575573
2787303,3849317
2788838,3490526
2792400,3372806
2793179,3538624
2793369,3817402
2794734,3404019
2794927,3915441
2796104,3554388
2796104,3554401
2798914,4334870
2804871,3063509
2809655,3825525
2812622,3792979
2813696,3424434
2813801,2773776
2813801,2773777
2826130,3521669
2826587,3600584
2826761,3441640
2826854,3851294
2827082,3559210
2828150,3840729
2828507,3851811
2831441,3617288
2833226,3655535
2833867,3365547
2835206,3890036
2839829,3800752
2840057,2798072
2840144,4056806
2845440,3540849
2846701,3645105
2846730,3653419
2853417,3877146
2853737,3092969
2853852,3656288
2853940,3369616
2854808,3445234
2857567,3459841
2859871,3822896
2861531,3597382
2863761,3640791
2867204,3336592
2869100,3512119
2872966,3694313
2873454,3562020
2873534,3516982
2877098,3668582
2878046,3477027
2878480,3476900
2879709,3331683
2880264,3345377
2880264,3345397
2882121,3586178
2882348,3301673
2882620,3922450
2883868,3845393
2883920,3622104
2884301,3403413
2885720,3656173
2887807,3528802
2889964,2843864
2893326,3740777
2897138,3376340
2900189,3605799
2903097,3774995
2904389,3820439
2905853,3346213
2910067,3532041
2910197,3820381
2911648,3766701
2915666,3405142
2916861,3251231
2917965,4209598
2918454,3377258
2921691,3443109
2922676,3578862
2922688,3929895
2928315,3598710
2929772,3702705
2934300,3566635
2934379,3377758
2936866,3274324
2937958,4351847
2939463,3873933
2939511,3737557
2940383,3624844
2943440,3476415
2944027,3283743
2947204,3792067
2952743,2903770
2954724,3796806
2954865,3422266
2958004,3738041
2958807,3840284
2958860,4054284
2959056,3558432
2962496,3786502
2967996,3784997
2969059,3453659
2969792,3711005
2970942,3639770
2971896,3560487
2972210,2922451
2974690,2924777
2978714,3576000
2978780,3669472
2978915,3301397
2979252,3570487
2980809,3622907
2981420,3948439
2982175,3325777
2982937,3766623
2983219,3685544
2984926,3384473
2985891,3506201
2986509,3971406
2995256,3778870
2997238,3717761
2997238,3717763
2999059,3468126
2999220,3623628
2999270,3964578
3001894,3302561
3002079,3408047
3004229,3892110
3004279,3518995
3004625,3827653
3006359,4302085
3010997,3527132
3012531,3831280
3013075,2964613
3013599,3527229
3014336,3468954
3016731,2968275
3018044,3442208
3019786,3526944
3020378,3582029
3021703,3605769
3022042,2973652
3022581,3465827
3023977,3784594
3024109,2975655
3024231,3992200
3025020,3523988
3026563,3851095
3026912,2978387
3028555,2980165
3028643,2980233
3030748,2982082
3031745,3655446
3031905,3710058
3032705,3497583
3033684,3506780
3034202,4085089
3034623,2986184
3034884,3767052
3036465,3567748
3036810,3882289
3036915,4108188
3040093,3820216
3040187,3548391
3040607,3342674
3040610,3654017
3040988,3607013
3041429,3722803
3041923,3544318
3046924,4096119
3047013,3848367
3047478,3518239
3047595,3737958
3050086,3645823
3051121,3595222
3053204,3460967
3053782,3342155
3053941,3490597
3053986,3776762
3054860,4058015
3054980,3535114
3055013,3337232
3055947,3825450
3057896,3322064
3058907,4079248
3059024,3545402
3061136,3638302
3061978,4094655
3063896,3553840
3064801,3898218
3066766,3777137
3067741,3813120
3068803,3618790
3069281,3597786
3069452,3661799
3072435,3566735
3074239,4111705
3075437,3597471
3075867,3789381
3076225,3502090
3076627,3683583
3077877,3633089
3079423,3919816
3080913,3470170
3081954,3622740
3082279,3558289
3082875,3563005
3083360,3615352
3083502,3538513
3086459,3635122
3086482,3481565
3088940,3587822
3088985,3564857
3089193,3919596
3089278,3792926
3089832,3818908
3090948,3950103
3091425,3567924
3093005,3057020
3093174,3808556
3093512,3569765
3094458,3541857
3096699,3571059
3098219,3603789
3100044,3498280
3101596,3833981
3106424,4079670
3108197,4048034
3108431,3880265
3110626,3867995
3111219,3462393
3113034,3082617
3113587,3083208
3113615,3600010
3113645,3547309
3116142,3601932
3117478,3534314
3117995,3773554
3118356,4096593
3119261,3621686
3121009,3842117
3121703,3403226
3121915,3843418
3122041,3094553
3122224,3094794
3123241,3546417
3123478,3096779
3123596,3840403
3124052,3874314
3125960,3856015
3125980,3177568
3127425,3892656
3127627,3806557
3127667,3917764
3127769,3103367
3128014,3598795
3128438,3874922
3128937,3712942
3129281,3816977
3129819,3849145
3131692,3425373
3131952,3589312
3132470,3851826
3133333,3878325
3135435,3894993
3136679,3581645
3137100,3116485
3138696,3598961
3138893,3885909
3140824,3121902
3142597,3467175
3143022,3744961
3144311,3734854
3144886,3609171
3144957,3589579
3147927,3773343
3148452,3793250
3150051,3850859
3150284,3485317
3153399,4208268
3155264,3832612
3157605,3144744
3157963,3748725
3160715,3739884
3160948,3842809
3161484,3419114
3162427,3394553
3168635,3157539
3170655,3852866
3173557,3631968
3174196,4003164
3177128,3167202
3178531,3547742
3181532,3171966
3181651,3852568
3182580,3184545
3187817,3817113
3189257,3798162
3189941,3180215
3190739,3908773
3191362,3181438
3191992,3182046
3192616,3570680
3194639,3184322
3196806,3377065
3203127,3630474
3204681,3192862
3208557,3570433
3220541,3205790
3222564,3851460
3223930,3320891
3223941,3634691
3226062,3836473
3226471,3212196
3227946,3213071
3228309,3214587
3229461,4100843
3233982,3694675
3235600,3816679
3236007,3649546
3236506,3817173
3238289,3817304
3238650,3590978
3239817,3814232
3240904,3852343
3243604,4010293
3243706,3228756
3245067,3230040
3245564,3431674
3245815,3630300
3246600,3231447
3247084,3715353
3248034,3518469
3249057,3674086
3252235,3587526
3253886,3722867
3259056,3244088
3259561,3585416
3261909,3246865
3262273,3247351
3262613,3247680
3262708,3247798
3262937,3248070
3263277,3248512
3263693,3761797
3263918,3791775
3264281,3846164
3264745,3846659
3264919,3942144
3266192,3251597
3266513,3251903
3269325,3254541
3271796,3257048
3272446,4071528
3274049,3259167
3276180,3396968
3277435,3641845
3278074,3891832
3278260,3791426
3278785,3264161
3279603,3264860
3280796,3266074
3280796,3475082
3281924,3267137
3283115,3623718
3286519,4284116
3286526,3529881
3286533,3272268
3286639,3271790
3287161,3272392
3287464,3272719
3287694,3273391
3288434,3273998
3288434,3274001
3290047,3275856
3290213,3276083
3290422,3276342
3290487,3276433
3291321,3861490
3292145,3727782
3293216,3852727
3293445,3279737
3294562,3280751
3295528,3634344
3295894,3936557
3296476,3868520
3298245,3857950
3298767,3284973
3299493,3562347
3300689,3287024
3301603,3287957
3305033,3721123
3306968,3293476
3307737,3294159
3308888,3498610
3312696,3889220
3314184,3820557
3314379,3498723
3315059,3301684
3317435,3747761
3317446,3719924
3317702,3305077
3317748,3903729
3317906,3304929
3318734,3305657
3318870,3305762
3319150,3516802
3319299,3306294
3320833,3307908
3321401,3661436
3322034,3309068
3322659,3805757
3323827,3396667
3323941,3310839
3324159,3311075
3324740,3311485
3324821,3311540
3325026,3311669
3325026,3311801
3326612,3313123
3326658,3333856
3327626,3314009
3328209,3314561
3328285,3645919
3329350,3315489
3331505,3317304
3333233,3321406
3333669,3319070
3333918,3439186
3335304,3320503
3336413,3323302
3337053,3322200
3337363,3322511
3337586,3322742
3337716,3742902
3337756,3324099
3337832,3322965
3338351,3384160
3338479,3323665
3338977,3324142
3339314,3324455
3339767,3774919
3339833,3716962
3340557,3325653
3342417,3933948
3342450,3833424
3343953,3347268
3344239,3329351
3344504,3341098
3344747,3329922
3345227,3755376
3346563,3331706
3347094,3332157
3347274,3332325
3348288,3333180
3349415,3334285
3351279,3336033
3353524,3874183
3353968,3890315
3354393,3338852
3355219,3339589
3357040,3341230
3357255,3936598
3357469,3341551
3358015,3342094
3358146,3342224
3358316,3342357
3358409,3342441
3358749,3345163
3359775,3344378
3359798,3343760
3359814,3343769
3359820,3343748
3359868,3343812
3359868,3743524
3359887,3343846
3360045,3344001
3361006,3581442
3361337,3936605
3362086,3346258
3362614,3359305
3362905,3401835
3363455,3624618
3363856,3348297
3363979,3348447
3364119,3349183
3364155,3348668
3364352,3348909
3364420,3348981
3365026,3832639
3365277,3349890
3365625,3417701
3365832,3849789
3366062,3350725
3366347,4016921
3367967,3352792
3368017,3441558
3368505,3743495
3368686,3353715
3368799,3353844
3368918,3817700
3369730,3354836
3370163,3355293
3370262,3355409
3370518,3355695
3370732,3356316
3370831,3356009
3370866,3356045
3370920,3356089
3372176,3357359
3373568,4276177
3374168,3359327
3374984,3360048
3376112,3361043
3376269,3361170
3376404,3361323
3376551,3361470
3377558,3779879
3378222,3362939
3379234,3363804
3379624,3364107
3380093,3364503
3381071,3365308
3381635,3365917
3381911,3365993
3382118,3366164
3382653,3366648
3383261,3367146
3383428,3367300
3383489,3367358
3383748,3367900
3384142,3367934
3385288,3376534
3385410,3369073
3386118,3369692
3386407,3588951
3386478,3370001
3386478,4343799
3386747,3370285
3386829,3370363
3387397,3370851
3387560,3418618
3387724,3371218
3388343,3371979
3388498,3372145
3388866,3372510
3389020,3372680
3389433,3373203
3389772,3373594
3389936,3373778
3390191,3374049
3390445,3374348
3390456,3374361
3390492,3374406
3390638,3377020
3391213,3375136
3391240,3375158
3391649,3747597
3391662,4207762
3391940,3375826
3391946,3375836
3392008,3375906
3392602,3376620
3392695,3376711
3393056,3377081
3394173,3378381
3394340,3378533
3394341,3378538
3394657,3378915
3395439,3379747
3395720,3379979
3397829,3381973
3398229,3456428
3398414,3871747
3398485,3382522
3398779,3421491
3398818,3383856
3399160,3383247
3399248,3695549
3399324,3383402
3399417,3383523
3400440,3384511
3401298,3385661
3402488,3386321
3402900,3872505
3403081,3386823
3403122,3386858
3404685,3388363
3405539,3389879
3405590,3390903
3406053,3404292
3406213,3875794
3406833,3918843
3406932,3390258
3407139,3390420
3407151,3753265
3408368,3391510
3409262,3462399
3409672,3819228
3411005,3393757
3411298,3394018
3411498,3395185
3411743,3394354
3411842,3394438
3411931,3394532
3412072,4014909
3412159,3394833
3412409,3395337
3412522,3395317
3412522,4262284
3412533,3395338
3412899,3395739
3413018,3395840
3413023,3395849
3413153,3395962
3413265,3396109
3413309,3396133
3413346,3396171
3413480,3396315
3413632,3396465
3413661,3396499
3413850,3396739
3413937,3801344
3414147,3397095
3414182,3397121
3414207,3397160
3414336,3530508
3414405,3840171
3414557,3397560
3414951,3602219
3415422,3398492
3415707,3398830
3416153,3399334
3416852,3400027
3416910,3400081
3416930,3400109
3417527,3400783
3417630,3400908
3418032,3888165
3418158,3401394
3418287,3401532
3418714,3401999
3419746,3668993
3420073,3403179
3421199,3404295
3421232,3505656
3421507,3404535
3421802,3404862
3422622,3408951
3422738,3405800
3423946,3417151
3424129,3407076
3425463,3408245
3425579,3408360
3425623,3408416
3425756,3408534
3426281,3832864
3426965,3409550
3427095,3409667
3427874,3583516
3427961,3410409
3427995,3410425
3428379,3744111
3428997,3417234
3429321,3411482
3429413,3411590
3429559,3411725
3429961,3412068
3430346,3591473
3430368,3412444
3430828,3607922
3430830,3593531
3431091,3413029
3431204,3413122
3431950,3414084
3432296,3414269
3432742,3421315
3433196,3942322
3433302,3415159
3433328,3415191
3433401,3415274
3433560,3415436
3433684,3415586
3433824,3415726
3433972,3634308
3434293,3416207
3434945,3416897
3435332,3417208
3435435,3417344
3435460,3417387
3435575,3417529
3435832,3417858
3435832,3417863
3435913,3417968
3435987,3418056
3436149,3418218
3436165,3418233
3436315,3418389
3436423,3418521
3436423,3418536
3436718,3418853
3437023,3419228
3437052,3419261
3437245,3419510
3437256,3419522
3438033,3420353
3438129,3420460
3438362,3420718
3438506,3420881
3438681,3421076
3438753,3421158
3438892,3875389
3438936,3421360
3438964,3421393
3439064,3578956
3439237,3421657
3439426,3421832
3439510,3421921
3439540,3421962
3439658,3422080
3439684,3422121
3439915,3422348
3439935,3422370
3440031,3422500
3440187,3422670
3440343,3422828
3440512,3423013
3440872,3423309
3441026,3423454
3441306,3423736
3441666,3424124
3442395,3424946
3442404,3424962
3442683,3859215
3442751,3425301
3443256,3425829
3444239,3426846
3444420,3791883
3444506,3427136
3444714,3427326
3444860,3427489
3446469,3518732
3446641,3429055
3447041,3429454
3447420,3429841
3447588,3519293
3447847,3430217
3448018,3430364
3448230,3430546
3448251,3430559
3448399,3430697
3450331,3432516
3450525,3432626
3451679,3896430
3451970,3510216
3453907,3436001
3454751,3436795
3454951,3810955
3455246,3684080
3455557,3437690
3456484,3438646
3456852,3438979
3456919,3439042
3457070,3439210
3457089,3439208
3457188,3439302
3457325,3439437
3457511,3439612
3458566,3440567
3458569,3440571
3459241,3734251
3459411,3441312
3459771,3441660
3460066,3442014
3460341,3442850
3460390,3442286
3460724,3442595
3460869,3442760
3460967,3442866
3461743,3443650
3461926,3443865
3462057,3443984
3462066,3444007
3463275,3445293
3463294,3599632
3463358,3445378
3463524,3445565
3465533,3447632
3465537,3447634
3466467,3624467
3467229,3449357
3467408,3652099
3467496,3469108
3468027,3450238
3468330,3450543
3468404,3450635
3468678,3450945
3469634,3451917
3469634,3451925
3470588,3452917
3471047,3937002
3471274,3453654
3471448,3476229
3472554,3605030
3473495,3466277
3475253,3457527
3475689,3457950
3475862,3458129
3476278,3458499
3476478,3458709
3476616,3458852
3476772,3459021
3477951,3460073
3478053,3460169
3478895,3461100
3479768,3462021
3479803,3462073
3480138,3462419
3480237,3462535
3480276,3462583
3480584,3462924
3482231,3466375
3484191,3563230
3484614,3466734
3484664,3466981
3484664,4351269
3484783,3466933
3485040,3467237
3485718,4105434
3485740,3468088
3485793,3468177
3485896,3502673
3485904,3468361
3486243,3468707
3486338,3468806
3486365,4371795
3486683,3482942
3486683,3482947
3486982,3469565
3487183,3469819
3487924,3471985
3487992,3475170
3488104,3470888
3488710,3471460
3488953,3471650
3489473,3472085
3489541,4299945
3489611,3472276
3489749,3472448
3489846,3590503
3490228,3473036
3490261,3473075
3490292,3473105
3490363,3476600
3490503,3473380
3490530,3473409
3491239,3474157
3491254,3474170
3491654,3476527
3491893,3474893
3492243,3475256
3492547,3475555
3492610,3475629
3492767,3475811
3492773,3475820
3492821,3475889
3492886,3475974
3493243,3841906
3493433,3476490
3493482,3476535
3493910,4016781
3494115,3477262
3494488,3477642
3494577,3477744
3494736,3477905
3494800,3477976
3494866,3478036
3496273,3479505
3496817,3479939
3497250,3480379
3497534,3480727
3497585,3480889
3497936,3481149
3497961,3481177
3498004,3481214
3498032,3481240
3498275,3481419
3498352,3481501
3498386,3481533
3498567,3481685
3498664,3572971
3498814,3481882
3498902,3481944
3499040,3721001
3499043,3482044
3499135,3578877
3499317,3482193
3499317,4281951
3499633,3482530
3500114,3483069
3500333,3543330
3500480,3487761
3500710,3483695
3500746,3483741
3500932,3483976
3500935,3483986
3500977,3606906
3501150,3484251
3501154,3484249
3501327,3484390
3501335,3588007
3501614,3484610
3501673,3484662
3502083,3485090
3502165,3485159
3502224,3485215
3502460,3605195
3502460,3605229
3502470,3485450
3502756,3888655
3502790,3485791
3502829,3485830
3502913,3485938
3503155,3486163
3503335,3486302
3503718,3486632
3503770,3486694
3503852,3486776
3504227,3487166
3504274,3552607
3504274,3552762
3504456,3517157
3504466,3487413
3504524,3502167
3504775,3487768
3504775,4369643
3505121,3488115
3505152,3488149
3505424,3488390
3505654,3543215
3505661,3488575
3505737,3626643
3506165,3615515
3506217,3512400
3506274,3564757
3506701,3489719
3506814,3489846
3506851,3489889
3506931,3489972
3507286,3490364
3507288,3490843
3507553,3490646
3507670,3581441
3507691,3490794
3507719,3490816
3507752,3660764
3507804,3490866
3507848,3490901
3507848,3490902
3508062,3783846
3508402,3491575
3508487,3491594
3508769,3491928
3508930,3492089
3509072,3492234
3509504,3492798
3509544,3492836
3509597,3492887
3509858,3493171
3510150,3493455
3510152,3493463
3510195,3493499
3510318,3605736
3510363,3634573
3510790,3494012
3511473,3632350
3511600,3494720
3511613,3494732
3511678,3494788
3512020,3495071
3512451,3495420
3512919,3495867
3512997,3495946
3513112,3496082
3513205,3496199
3513598,3496638
3513659,3514371
3513674,3496728
3513730,3496787
3513757,3496830
3513990,3548417
3514452,3497560
3514675,3514039
3514699,3497903
3514909,3498084
3515102,3507699
3515247,3558127
3515337,3498592
3515377,3498654
3515480,3498788
3515491,3498792
3515681,3499009
3515823,3558223
3515907,3630230
3516075,3900037
3516133,3499405
3516276,3499556
3516300,3499530
3516450,3657393
3516852,3500065
3516858,3500078
3516990,3500201
3517078,3500306
3517109,3595940
3517635,3500914
3517718,3500984
3517776,3607453
3517909,3965414
3518050,3501336
3518128,3501403
3518496,3501857
3518640,3502035
3518862,3502289
3518994,3502451
3519610,3503157
3519886,3503481
3520035,3503662
3520253,3503874
3520470,3550935
3520470,3550970
3520485,3504088
3520535,3504130
3520613,3504201
3520638,3620878
3520854,3648117
3520979,3549414
3521043,3504613
3521064,3504586
3521064,3504590
3521394,3504963
3521394,3606996
3521495,3505072
3521705,3505302
3521745,3505344
3521784,3505432
3521945,3505568
3521945,3505574
3522102,3505723
3522453,3506086
3522548,3506166
3522597,3506215
3522672,3506429
3522862,3506536
3523076,3506803
3523099,3506858
3523609,3545098
3523793,3507720
3523845,3507708
3523951,3507821
3524044,3507928
3524176,3532924
3524804,3917358
3524836,3508952
3525299,3509414
3525397,3509519
3525526,3523784
3525606,3509697
3525661,3509739
3526011,3553467
3526245,3510258
3526267,3510273
3526727,3510755
3526727,3510763
3526804,3510836
3526846,3510939
3527060,3516142
3527130,3612556
3527148,3511241
3527314,3775863
3527629,3511760
3527707,3511844
3527975,3675165
3528257,3850240
3528918,3513278
3529236,3513632
3529432,3513843
3529487,3516587
3529845,3650053
3529914,3602056
3530210,3514694
3530457,3514933
3530562,3515042
3530656,3515168
3530659,3515179
3530947,3515474
3531023,3515548
3531061,3557190
3531087,3515654
3531239,3516501
3531273,3515947
3531797,3516464
3532333,3517122
3532339,3517114
3532468,3576435
3532533,3517350
3532739,3517546
3532749,3517565
3533043,3599853
3533375,3543507
3533442,3518182
3533819,3518537
3533821,3518529
3533824,3518532
3533992,3607083
3533992,3607119
3534116,3521221
3534217,3519015
3534310,3519120
3534482,3519372
3534641,3519573
3534743,3519701
3534822,3519798
3534954,3519956
3535124,3520175
3535814,3520971
3535882,3521046
3536192,3521408
3536554,3521868
3536606,3521939
3536974,3522420
3536990,3522430
3537032,3522481
3537115,3522619
3537300,3522845
3537351,3522917
3537414,3522974
3537535,3523143
3537968,3533381
3538429,3527068
3538452,3524396
3538483,3524646
3538537,3534152
3538903,3525268
3539042,3932969
3539182,3525338
3539249,3525443
3539256,3525451
3539279,3525478
3539289,3525519
3539425,3525660
3539537,3525793
3539726,3526040
3539767,3527463
3539811,3526158
3539848,3526215
3539932,3526337
3540081,3528646
3540140,3526681
3540341,3526909
3540489,3527114
3540542,3527145
3540659,3527368
3540771,4235432
3541220,3527997
3541811,3765685
3542124,3529150
3542141,3529205
3542476,3529993
3542627,3529755
3542663,3529848
3542760,3529937
3543336,3530586
3543400,3652428
3543701,3530987
3544000,3531292
3544040,3531329
3544282,3531597
3544737,3532526
3544947,3532419
3545057,3532554
3545087,3594841
3545517,3913536
3545519,3533108
3545675,3533262
3545862,3533558
3546017,3533682
3546101,3533765
3546150,3533823
3546224,3533894
3546302,3533978
3546385,3534088
3546727,3534496
3546872,3534685
3547137,3534979
3547158,3534998
3547980,3535961
3548282,3536277
3548397,3536395
3548401,3536401
3548401,3888981
3548435,3536426
3548480,3590909
3548634,3667429
3548657,3587800
3548880,3536879
3548880,3536883
3548900,3539049
3549163,3609485
3549167,3537183
3549188,3537211
3549200,4016447
3549244,3571171
3549409,3537506
3549556,3537665
3549690,3537814
3550009,3562929
3550285,3538512
3550613,3794964
3550825,3539080
3550931,3539189
3550949,3545610
3550952,3539217
3550979,3539227
3551070,3600852
3551081,3654284
3551139,3539417
3551188,3539466
3551258,3585673
3551469,3594829
3551590,3539923
3551623,3539936
3551731,3540068
3551851,3540231
3551965,3540409
3552106,3540574
3552315,3540881
3552605,3541282
3552713,3541405
3552719,3541392
3552824,3541585
3552938,3807307
3552957,3541691
3553406,3542402
3553768,3542893
3553956,3543181
3554158,3543423
3554195,3543438
3554309,3543603
3554335,3543625
3554414,3600302
3554446,3543789
3554689,3604502
3554928,3544476
3554961,3544461
3554969,3544473
3555251,3544858
3555652,3545514
3555979,3545831
3556041,3559178
3556079,3545996
3556163,3593830
3556433,3546499
3556724,3546849
3556749,3546967
3556953,3547207
3557081,3547311
3557180,3547454
3557281,3547616
3557316,3547630
3557351,3547672
3557379,4131636
3557514,3547887
3557547,3547978
3557627,3548046
3557668,3548091
3557904,3548447
3558071,3548684
3558360,3549313
3558502,3549538
3558823,3549756
3558935,3547785
3559012,3549981
3559088,3550136
3559124,3550140
3559327,3550398
3559398,3550564
3559579,3550760
3559653,3550922
3559706,3567758
3559713,3550959
3559768,3551059
3559792,3551057
3559885,3551191
3559906,3625729
3560158,3551659
3560171,3551582
3560177,3551599
3560289,3551755
3560407,3551981
3560436,3551909
3560609,3552151
3560657,3552194
3560868,3770429
3561003,3552687
3561741,3553653
3561859,3553901
3562019,3554037
3562103,3554175
3562377,3554547
3562456,3554714
3562555,3554817
3562649,3554953
3563110,3555655
3563208,3555752
3563401,3556058
3563687,3556409
3563881,3556781
3563926,3556759
3563974,3556851
3564268,3557289
3564352,3557347
3564389,3557468
3564406,3557485
3564519,3557604
3564620,3557741
3564715,3557875
3564730,3557878
3564970,3590882
3565043,3558357
3565062,3558331
3565085,3558348
3565104,3558473
3565126,3558475
3565190,3558521
3565190,3558579
3565193,3558540
3565202,3558532
3565231,3558683
3565563,3559056
3565718,3559340
3566010,3559747
3566146,3559949
3566196,3560095
3566270,3650489
3566326,3560580
3566393,3560312
3566636,3560583
3566636,4362417
3566644,3560571
3566906,3560966
3566993,3565657
3567152,3561353
3567297,3561495
3567501,3561732
3567865,3562238
3567907,3640466
3567964,3562490
3568339,3564029
3568600,3563333
3568869,3563864
3568943,3563793
3569225,3564178
3569228,3564208
3569228,4067436
3569235,3564179
3569402,3564591
3569882,3779307
3570353,3565827
3570546,3566008
3570596,3820147
3570715,3566564
3570740,3566231
3570746,3566197
3570837,3566315
3571000,3889074
3571105,3566687
3571152,3566899
3571169,3566809
3571189,3566806
3571314,3567132
3571361,3567066
3571457,3567145
3571464,3567181
3571682,3567425
3571910,3567727
3571922,3567743
3572346,3568362
3572363,3568364
3572575,3568620
3573366,3569676
3573430,3569754
3573562,3569920
3573673,3570286
3573841,3570263
3573847,3570274
3573895,3570322
3574056,3570527
3574190,3570714
3574402,3571018
3574531,3603164
3574548,3571383
3574618,3571256
3574709,3571526
3575034,3571757
3575043,3571769
3575263,3572011
3575399,3572186
3575469,3572252
3575986,3572832
3576049,3572918
3576190,3573027
3576291,3646905
3576369,3573236
3576566,3645593
3576719,3573610
3576864,3573752
3576886,3573797
3577060,3573957
3577275,3847134
3577304,3574232
3577705,3574725
3577880,3574951
3578110,3575230
3578173,3575308
3578490,3575760
3578503,3575758
3578557,3575814
3578869,3576305
3578892,3576243
3578987,3576432
3579067,3576506
3579103,3576539
3579252,3576724
3579334,3576812
3579614,3577662
3579674,3577280
3579813,3577508
3579897,3577591
3579915,3577616
3580007,3577751
3580116,3577877
3580311,3578133
3580391,3609240
3580532,3894781
3581316,3579612
3581406,3579685
3581608,3579968
3581642,3580057
3581656,3580006
3581664,3580089
3581664,3580407
3581905,3580339
3581914,3580527
3581972,3580429
3582020,3580528
3582034,3817462
3582341,3580927
3582361,3580960
3582671,3581356
3582770,3896247
3582775,3581583
3582808,3581578
3582809,3581755
3582875,3581716
3583083,3582033
3583113,3582005
3583123,3618052
3583154,3582203
3583404,3582422
3583456,3582516
3583656,3582775
3583770,3582983
3583788,3582958
3583874,3583022
3583984,3614538
3584106,3583372
3584141,3583472
3584247,3583562
3584346,3583660
3584398,3583770
3584424,3583755
3584631,3584102
3584706,3584165
3584887,3584435
3584899,3584420
3585043,3584634
3585432,3585118
3585645,3585425
3585659,3880119
3585755,3585563
3585813,3585643
3585868,3585728
3586014,3585868
3586015,3585871
3586100,3595799
3586149,3586057
3586193,3586111
3586215,3586241
3586575,3586706
3586575,4368852
3586596,3586827
3586874,3587044
3587026,3587278
3587050,3587269
3587097,3587350
3587267,3587875
3587344,3587721
3587670,3588135
3587804,3588411
3587830,3588376
3587882,3588525
3587942,3588560
3588147,3588781
3588181,3588865
3588256,3588935
3588549,3589377
3588705,3589546
3588858,3589766
3588914,3589860
3589155,3590126
3589265,3590292
3589436,3590726
3589675,3590863
3589707,3590927
3589711,3590929
3589959,3591206
3590070,3591366
3590260,3594457
3590316,3591728
3590392,3591976
3590575,3592033
3590583,3592035
3590588,3592083
3590771,3592458
3590894,3592673
3590896,3592464
3590986,3592565
3590986,3592585
3591165,3592833
3591564,3593353
3591642,3593446
3591644,3593417
3591660,3593440
3591835,3608710
3591893,3593730
3591911,3593752
3592196,3594076
3592196,3594089
3592357,3594266
3592486,3594453
3592492,3594493
3592632,3594623
3592632,3594667
3592669,3594677
3592762,3594781
3592983,3595029
3593052,3597006
3593123,3595206
3593418,3643639
3593441,3595570
3594001,3596212
3594239,3596483
3594473,3596772
3594523,3596824
3594586,3596890
3594692,3597009
3594988,3606661
3595072,3597464
3595223,3597615
3595536,3597916
3595600,3602124
3595930,3613162
3595997,3598434
3596063,3620382
3596150,3645794
3596447,3620795
3596886,3599517
3597031,3599688
3597084,3599765
3597110,3599785
3597266,3600011
3597408,3861017
3597463,3600283
3597484,3600321
3597880,3600818
3597940,3600888
3597968,3601346
3598068,3601113
3598390,3601595
3598406,3601611
3598458,3601645
3598570,3601792
3598586,3601853
3598608,3654046
3598624,3601856
3598966,3602353
3599089,3602522
3599265,3602777
3599295,3602819
3599316,3842728
3599373,3602961
3599474,3603146
3599485,3603113
3599736,3603545
3599816,3603642
3599894,3603743
3599904,3603721
3599933,3603819
3600143,3604258
3600178,3604228
3600263,3604321
3600280,3621694
3600280,3621756
3600344,3604396
3600474,3604665
3600526,3604641
3600621,3604817
3600725,3627315
3600800,3605058
3600871,3605197
3600955,3608368
3601040,3605555
3601121,3636434
3601408,3606000
3601473,3607344
3601590,3606291
3601626,3606346
3601652,3606631
3601741,3606486
3601883,3606858
3601949,3606818
3601956,3606879
3602009,3607039
3602118,3607101
3602185,3607178
3602262,3607254
3602273,3866422
3602369,3834808
3602376,3607457
3602386,3607490
3602412,3607508
3602419,3607491
3602429,3607524
3603002,3608418
3603053,3608500
3603187,3608668
3603195,3608716
3603206,3636311
3603278,3609195
3603321,3608907
3603394,3609004
3603521,3617079
3603625,3634018
3603643,3609423
3603644,3609399
3603666,3609529
3603702,3609909
3603702,3610023
3603724,3609527
3603734,3609534
3603930,3609860
3604114,3610089
3604182,3610257
3604192,3610272
3604193,3610245
3604265,3870605
3604306,3610420
3604359,3610471
3604367,3610557
3604553,3610781
3604609,3610964
3604827,3611189
3604837,3611179
3604894,3611290
3604965,3639355
3605013,3611417
3605210,4387875
3605285,3611852
3605382,3612034
3605426,3612118
3605474,3613685
3605491,3612228
3605568,4388132
3605624,3612567
3605682,3612478
3605713,3612579
3605716,3612584
3605879,3612732
3605953,3612848
3606077,3613009
3606289,3613300
3606306,3613593
3606339,3613608
3606512,3614180
3606629,3614037
3606670,3613952
3606965,3614510
3607088,3614734
3607103,3614735
3607184,3817865
3607205,3614793
3607216,3614771
3607523,3615231
3607598,3615349
3607717,3615546
3607810,3615570
3607897,3615676
3607997,3615918
3608027,3616285
3608200,3616061
3608299,3616440
3608320,3616228
3608426,3616362
3608688,3616772
3608725,3616809
3608742,3753570
3608785,3618462
3608788,3616973
3608872,3617095
3608929,3617209
3609040,3617397
3609093,3617406
3609116,3617391
3609289,3617918
3609477,3618120
3609479,3617958
3609649,3618317
3609731,3618293
3609754,3618345
3609824,3618387
3609844,3618356
3609890,3620678
3610157,3618795
3610311,3619089
3610550,3619368
3610604,3619465
3611389,3620720
3611415,3620832
3611421,3620631
3611431,3620984
3611540,3620773
3611582,3620853
3611612,3620934
3611684,3676579
3611722,3621122
3611900,3621326
3611996,3621498
3612194,3621854
3612233,3621872
3612302,3621892
3612372,3622110
3612498,3622196
3612624,3622378
3612703,3622757
3612727,3622681
3613038,3622944
3613185,3623321
3613485,3623839
3613554,3623805
3613774,3624063
3613864,3624203
3613930,3624409
3614007,3822219
3614084,3624554
3614283,3624795
3614288,3624809
3614563,3625309
3614628,3625555
3614704,3625448
3614753,3625635
3614757,3625725
3615127,3626118
3615418,3626609
3615424,3626542
3615494,3626649
3615532,3626674
3615562,3626735
3615933,3627285
3615977,3627327
3615979,3627507
3616011,3627400
3616070,3627554
3616258,3627731
3616362,3628001
3616382,3628019
3616439,3627978
3616498,3628070
3616566,3628224
3616623,3628252
3616735,3628594
3616800,3628532
3616916,3628779
3617063,3628884
3617063,3628922
3617155,3629198
3617408,3629397
3617536,3629606
3617545,3629616
3617959,3630252
3618170,3630598
3618309,3630890
3618370,3630851
3618501,3631100
3618568,3631213
3618851,3631573
3619136,3632000
3619158,3654405
3619170,3632110
3619236,3632128
3619367,3632313
3619423,3632422
3619671,3632863
3619760,3633058
3619814,3632938
3620194,3633483
3620251,3633572
3620386,3633795
3620511,3634049
3620524,3634005
3620663,3634212
3620673,3634263
3620798,3634540
3620895,3634536
3621261,3635091
3621305,3635411
3621305,3635499
3621407,3635298
3621628,3635630
3621719,3636375
3621824,3635907
3621995,3636484
3622141,3636462
3622206,3636528
3622429,3636780
3622612,3637022
3622690,3637121
3623119,3637737
3623297,3637994
3623342,3638612
3623382,3638083
3623603,3638386
3623813,3638669
3624075,3640712
3624087,3639074
3624294,3639434
3624476,3639744
3624834,3640029
3624848,3640030
3624959,3640226
3624967,3640172
3625410,3640941
3625567,3640946
3625653,3641021
3625815,3641229
3625851,3641324
3625902,3649932
3626018,3641530
3626125,3641596
3626498,3642129
3626498,3642314
3626633,3642224
3626908,3642535
3627264,3643016
3627328,3643059
3627414,3643216
3627874,3643719
3628062,4142729
3628081,3643894
3628191,3644027
3628463,3644310
3628507,3644366
3628545,3644386
3629003,3644897
3629163,3702472
3629805,3645748
3629919,3645877
3629974,3645914
3630052,3912300
3630186,3646148
3630318,3646267
3630375,3646339
3630496,3646496
3630730,3646782
3630799,3646854
3631019,3647131
3631024,3647139
3631117,3647229
3631144,3647256
3631257,3647395
3631292,3647493
3631887,3648250
3631967,3648363
3632050,3648527
3632172,3648665
3632507,3649134
3632685,3649409
3632787,3649616
3632787,3649630
3633304,3650332
3633347,3650411
3633349,3650406
3633364,3650790
3633513,3650666
3633564,3650708
3633581,3650795
3633583,3650743
3633723,3650929
3633835,3651097
3633883,3651129
3633958,3651246
3633969,3651322
3634027,3651321
3634179,3651526
3634212,3651558
3634228,3651579
3634402,3651816
3634484,3651900
3634796,3652313
3634879,3652454
3634905,3652457
3634994,3652590
3635002,3652583
3635003,3652562
3635080,3652665
3635177,3652775
3635378,3653063
3635433,3653104
3635974,3653877
3636048,3653932
3636154,3654099
3636239,3654274
3636991,3655218
3637034,3655245
3637532,3663229
3637937,3656539
3638317,3657069
3638714,4022956
3638865,3657851
3638928,3657843
3639228,3658223
3639231,3658241
3639559,3927529
3639682,3658780
3639683,3658803
3640158,3659433
3640339,3659624
3640365,3659666
3641322,3660837
3641372,3660872
3641487,3660989
3641501,3660997
3641594,3661100
3642006,3661486
3642300,3661797
3642523,3662012
3642813,3893197
3642863,3662328
3643337,3662890
3643719,3663355
3643779,3663504
3643941,3663635
3643951,3663630
3644034,3663726
3644046,3663737
3644092,3663860
3644114,3663861
3644246,3664030
3644324,3664146
3644527,3664429
3644554,3664449
3644609,3664540
3644806,3664770
3644820,3664784
3644933,3664918
3644957,3664991
3645356,3665453
3645456,3665576
3645509,3665689
3645945,3666191
3646078,3666388
3646086,3666400
3646180,3666531
3646219,3666604
3646459,3666895
3646549,3667018
3646572,3667052
3646591,3667053
3646690,3667171
3646837,3667339
3646907,3667417
3647719,3668475
3648696,3669622
3649139,3670078
3649517,3670467
3649880,3670762
3650215,3671019
3651860,3672517
3652053,3672676
3652126,3672747
3652156,3672769
3652309,3672916
3652316,3672919
3652609,3673207
3653342,3673831
3653527,3674007
3653642,3674156
3653669,3674190
3653784,3674301
3653833,3674351
3653909,3674474
3653930,3674457
3654018,3674642
3654381,3675080
3654401,3675102
3654409,3675103
3654653,3675375
3654745,3675475
3654886,3675599
3655081,3675828
3655963,3676747
3657641,3678832
3657659,3678607
3657698,3899435
3658004,3678906
3658274,3679097
3658486,3679278
3658942,3679731
3658991,3679786
3659140,3680702
3659363,3680220
3659721,3680596
3659807,3680680
3659807,4322071
3660049,3680917
3660317,3681147
3662588,3889575
3662704,3683169
3663195,3683621
3663689,3684138
3664119,3702573
3664739,3685076
3665312,3685631
3665585,3685854
3665960,3957971
3666054,3686333
3666180,3686466
3667388,3686896
3667777,3687219
3667844,3861489
3668987,3287604
3669127,3814617
3669475,3688561
3669614,3688704
3669735,3688817
3669822,3688910
3669967,3689038
3670292,3689335
3670683,3689691
3670806,3689813
3670831,3689835
3671510,3690353
3671590,3921986
3671649,3690470
3672245,3690998
3672245,4207678
3672868,3791191
3673329,3691876
3673396,3691929
3673521,3692045
3673538,3692056
3674030,3692510
3674098,3692572
3675572,3693843
3675577,3693849
3675711,3694026
3675758,3955439
3676234,3694438
3676977,3695042
3677106,3695943
3677140,3695184
3677371,3695421
3679188,3697220
3679867,3697456
3680306,3697813
3681054,3698412
3682526,3699551
3682769,3699755
3682872,3699839
3683018,3699967
3683114,3700037
3683478,3700327
3684782,3707382
3685466,3702056
3686066,3702600
3686112,3702642
3686361,3702865
3686605,3711947
3687255,3703663
3687255,3704243
3687423,3708416
3687744,3704129
3687904,3704272
3687978,3704333
3688439,3704695
3688588,3704819
3688588,3896393
3688712,3704960
3688963,3705272
3689026,3705226
3689295,3705485
3689454,3705628
3689785,3705919
3689991,3706108
3690374,3736483
3690837,3706907
3690893,3710366
3690922,3706974
3691013,3707860
3691105,3707142
3691602,3707646
3691831,3707936
3691913,3708042
3691938,3708087
3691996,3708155
3692179,3708390
3692218,3708440
3692224,3708471
3692241,3709093
3692349,3708657
3692974,3709349
3693098,3710835
3693153,3709568
3693253,3709686
3693285,3709719
3693293,3709729
3693539,3710009
3693775,3710271
3694769,3712685
3696150,3712760
3696211,3712845
3696373,3713061
3696418,3713118
3696472,3713186
3696504,3713220
3696517,3713239
3696628,3713362
3696836,3713594
3696894,3713648
3697023,3713867
3697053,3785299
3697151,3713930
3697212,3715654
3697298,3714108
3697349,3714169
3697709,3714621
3697843,3714765
3698036,3714951
3698917,3715892
3700169,3717077
3700386,3717295
3700421,3717332
3700751,3717659
3700841,3717756
3701410,3718284
3701648,3718496
3701668,3718514
3701820,3718692
3702778,3720000
3703072,3719865
3703112,3719901
3703408,3720179
3703433,3720198
3703677,3720446
3704459,3721117
3705060,3721694
3705134,3721756
3705208,3721831
3705231,3721852
3705527,3722130
3705855,3722442
3706044,3722587
3706330,3722847
3706400,3722920
3707204,3723624
3707261,3723661
3707434,3723841
3707599,3724000
3707849,3724251
3708020,3724400
3708080,3728736
3708738,3725029
3708764,3725064
3708894,3725203
3709823,3737899
3710078,3737864
3710140,3790954
3710769,3726658
3710808,3726802
3711120,3727021
3711369,3727280
3711468,3727369
3711743,3727624
3711895,3729427
3712154,3728001
3712286,3728128
3713283,3731951
3713383,3843190
3714101,3729718
3714154,3729764
3714673,3730154
3715443,3730736
3715816,3731022
3715947,3731160
3717054,3735330
3717913,3732786
3718001,3732867
3718159,3733009
3718177,3733034
3718466,3733336
3719101,3734803
3719121,3733897
3719555,3735160
3719617,3734356
3719767,3734460
3719906,3734825
3719950,3734634
3720480,3735157
3720675,3744123
3721197,3735847
3721324,3737955
3721623,3871940
3721724,3736297
3721733,3736306
3721906,3736470
3721928,3736496
3722217,3736754
3722345,3736895
3722483,3737082
3722525,3737145
3722562,3737376
3722563,3737190
3722624,3737282
3722767,3737486
3722819,3737519
3722892,3737629
3722892,3737637
3722918,3737653
3722959,3737717
3723000,3737804
3723186,3745812
3723228,3738128
3723229,3738133
3723360,3738338
3723523,3738509
3723688,3738724
3723710,3738746
3723756,3738767
3723837,3738866
3723894,3738932
3723903,3738934
3723904,3738936
3724045,3739099
3724619,3742437
3724647,3739845
3724667,3743850
3724903,3740173
3724955,3740223
3725096,3740399
3725100,3740407
3725194,3740542
3725304,3740678
3725445,3740849
3725510,3741754
3725555,3740984
3725604,3741034
3725668,3741086
3725695,3753259
3725695,3753263
3725768,3741175
3725769,3741172
3725960,3741389
3726214,3741631
3726328,3741737
3726358,3741767
3726426,3750922
3726505,3741968
3726620,3742133
3726744,3742286
3726902,3744889
3726969,3742526
3727240,3742842
3727282,3742872
3727340,3742950
3727813,3743512
3727981,3855034
3728591,3744288
3728632,3744329
3728781,3744490
3728784,3744495
3728864,3744575
3729169,3744915
3729243,3744991
3729254,3745003
3729360,3745117
3730267,3747694
3730267,3747697
3730792,3746340
3730792,3930667
3730977,3746485
3731043,3746539
3731389,3746792
3731389,4085558
3731640,3747011
3731669,3747052
3731740,3747148
3731773,3747199
3732000,3747444
3732096,3747539
3732163,3747619
3732214,3747668
3732244,3747733
3732393,3747868
3732431,3747903
3732624,3748115
3732624,3748118
3732953,3748517
3733248,3748665
3733723,3749178
3734444,3749797
3734697,3750105
3734711,3750126
3734802,3750214
3734913,3750306
3735064,3750458
3735491,3753193
3736487,3753357
3736698,3751986
3737064,3769421
3737258,3778742
3737520,3752670
3737702,3752785
3738169,3753219
3738185,3753233
3738315,3753361
3738428,3753466
3738534,3753574
3738888,3753919
3739380,3754304
3739469,3754392
3739620,3754530
3739690,3754595
3739743,3754662
3740407,3755209
3740642,3755448
3740717,3755512
3741449,3756111
3741504,3756159
3742134,3756633
3742210,3756769
3742245,3756764
3743178,3757474
3743481,3757798
3743515,3757797
3743804,3758072
3743963,3762902
3744017,3758239
3744116,3758309
3744382,3758551
3744394,3758559
3744429,3758598
3744610,3813570
3744695,3758842
3744852,3760854
3745059,3759127
3745289,3759335
3745290,3762956
3745569,3759603
3746227,3760099
3746368,3760215
3746371,3760220
3746550,3760360
3746886,3760665
3746911,3760691
3746936,3760721
3747346,3760999
3747538,3766390
3747772,3761357
3748172,3761744
3748215,3761997
3748288,3761874
3748498,3762104
3748527,3762135
3748549,3765632
3748639,3763638
3748996,3767478
3749099,3762634
3749178,3762758
3749284,3762812
3749331,3762847
3749365,3762884
3749466,3762976
3749622,3763177
3749646,3763202
3749874,3763451
3749929,3763519
3750012,3763583
3750049,3763619
3750104,3763665
3750410,3763930
3750524,3764032
3750763,3764251
3750780,3764263
3750814,3764723
3750814,3764731
3750860,3764334
3751125,3764562
3751154,3764583
3751235,3764657
3751308,3764747
3751371,3766764
3751438,3766709
3751441,3765360
3751621,3767640
3751631,3765135
3751664,3765187
3751674,3765184
3751725,3765262
3751728,3765261
3751814,3765405
3751830,3765394
3751853,3765433
3752024,3765654
3752107,3765781
3752108,3765846
3752151,3765890
3752177,3765853
3752189,3765862
3752211,3765884
3752213,3765902
3752267,3765962
3752314,3766053
3752441,3766195
3752671,3766460
3752712,3766510
3752861,3766666
3753107,3766909
3753172,3766979
3753179,3766992
3753182,3766983
3753191,3766985
3753199,3766994
3753507,3767376
3753580,3767467
3753728,3767655
3753771,3767713
3753795,3767748
3753820,3767778
3753861,3767827
3753936,3767932
3753979,3768001
3753992,3768021
3754019,3768069
3754252,3768350
3754257,3768621
3754258,3768387
3754375,3768525
3754380,3768539
3754409,3770594
3754485,3768669
3754661,3768875
3754803,3769045
3754822,3769091
3755032,3923834
3755110,3769358
3755198,3769431
3755248,3769479
3755280,3769502
3755294,3769518
3755879,3770213
3755901,3770241
3756018,3770365
3756308,3770698
3756414,3770808
3756467,3770888
3756517,3770918
3756562,3770978
3756568,3770983
3756775,3771264
3756837,3771318
3756917,3771405
3756939,3774714
3757077,3771576
3757109,3771596
3757197,3771660
3757344,3771793
3757618,3772015
3758279,3772514
3758340,3772564
3758368,3772595
3758380,3772609
3758387,3772619
3758453,3772700
3758523,3832253
3758538,3772816
3758657,3772962
3758681,3772992
3758695,3773184
3758808,3773139
3758854,3773193
3758861,3773219
3759058,3773438
3759152,3773541
3759174,3773566
3759183,3773573
3759255,3773663
3759400,3773819
3759466,3773902
3759804,3774252
3759823,3774275
3759905,3774363
3759997,3774446
3760037,3942575
3760313,3774730
3760599,3775077
3760808,3775292
3760824,3775307
3760831,3775309
3760882,3775371
3761069,3775576
3761204,3775701
3761277,3775782
3761583,3784360
3761883,3776302
3762057,3776482
3762157,3776597
3762297,3776703
3762445,3776842
3762536,3776913
3762696,3777036
3762777,3777084
3763079,3777348
3763098,3777371
3763223,3777486
3763975,3778155
3764039,3778201
3764172,3778309
3764214,3778337
3764353,3778490
3764368,3778510
3764368,4238427
3764582,3778731
3764610,3778769
3764702,3778864
3764757,3778914
3764951,3779093
3765084,3786827
3765114,3779244
3765633,3779668
3765694,3779724
3765762,3779806
3765767,3779812
3765779,3779820
3765827,3780647
3765910,3779933
3766032,3780059
3766749,3781229
3766761,3780754
3766947,3780911
3767210,3781166
3767236,3794441
3767461,3781348
3767917,3781718
3767917,3781719
3767936,3781743
3768206,3782542
3768248,3781975
3769564,3783041
3769639,3783113
3769679,3783142
3769771,3783225
3769907,4330008
3769940,3803998
3770030,3783801
3770190,3812090
3770647,3783997
3770673,3784023
3770704,3784063
3770786,3784139
3770827,3813454
3771171,3784485
3771278,3784573
3771301,3784595
3771439,3784716
3771504,3784771
3772161,3794782
3772199,3785293
3773477,3789838
3773701,3786429
3773812,3786520
3773838,3786553
3773972,3786690
3774909,3787510
3775216,3787777
3775477,3795440
3775826,3788303
3775894,3788368
3775916,3788775
3776098,3788530
3776303,3788745
3776409,3788819
3776471,3788865
3776915,3789249
3776917,3789251
3776971,3789307
3777094,3789410
3777100,3789405
3777191,3789489
3777410,3789706
3777439,3789735
3777536,3789826
3777871,3790139
3777871,3790140
3777986,4129272
3778021,3793935
3778142,3790348
3778172,3790369
3778251,3790466
3778457,3791115
3778499,3791674
3778506,3790756
3778538,3790794
3778685,3791027
3778774,3791138
3778836,3791226
3778965,3791392
3779008,3791443
3779085,3791550
3779157,3791640
3779250,3791778
3779326,3791796
3779329,3791827
3779352,3791862
3779389,3791858
3779433,3791902
3779694,3792152
3779742,3792209
3780015,3792469
3780164,3792623
3780231,3792728
3780324,3794714
3780334,3792849
3780371,3792890
3780376,3792904
3780385,3792909
3780479,3793003
3780514,3793051
3780565,3793112
3780644,3793200
3780798,3793433
3780973,3793585
3781044,3793676
3781113,3793747
3781127,3793771
3781162,3793800
3781185,3793820
3781278,3793940
3781648,3794253
3781714,3820421
3781854,3823803
3781981,3794553
3782025,3794585
3782112,3794650
3782144,3801409
3782238,3794773
3782456,3794947
3782495,3794973
3782526,3795923
3783057,3795601
3783238,3795807
3783239,3795805
3783350,3796408
3783554,3796172
3783703,3796334
3783721,3796350
3783974,3796625
3784024,3796678
3784055,3796711
3784099,3796764
3784206,3796888
3784264,3796951
3784381,3797074
3784413,3797100
3784416,3797105
3784438,3797125
3784478,3797155
3784514,3797187
3784680,3797354
3784685,3797361
3784696,3797373
3784713,3797384
3784813,3798094
3784985,3797613
3785227,3797881
3785327,3797985
3785905,3798626
3785924,3798646
3785924,3798647
3786419,3841910
3786467,3799171
3786580,3799290
3786875,3799616
3786894,3799629
3786941,3826729
3787000,3799736
3787000,3799737
3787688,3800394
3787833,3800533
3787898,3800589
3787923,3800612
3787973,3800655
3788143,3800817
3788284,3800956
3788287,3801165
3788908,3801487
3789029,3801617
3789162,3802285
3789765,3802163
3789957,3802304
3790089,3802436
3790160,3802505
3790208,3802560
3790252,3802586
3790316,3802666
3790328,3802656
3790518,3802849
3790722,3803038
3790819,3803141
3791205,3803450
3791249,3803497
3791293,3803549
3791305,3803556
3791314,3803571
3791405,3803672
3791529,4151621
3791642,3803901
3791915,3804147
3791921,3804151
3792010,3804438
3792071,3804255
3792143,3804324
3792157,3804344
3792255,3804434
3792598,3804721
3792692,3804800
3793169,3809109
3793836,3805716
3793845,3805711
3793862,3805722
3793997,3805841
3794159,3805976
3794172,3805990
3794233,3806029
3794629,3806296
3794788,3806403
3795074,3806648
3795102,3806662
3795233,3806772
3795349,3806887
3795351,3806891
3795677,3807142
3796092,3807515
3796468,3807776
3797566,3808632
3797860,3813563
3798175,3809155
3798305,3809265
3799515,3810163
3799565,3810208
3799606,3844061
3799612,3814255
3800496,4099547
3800529,3810996
3801358,3811623
3801491,3811724
3801779,3848190
3801837,3812002
3801841,3812004
3801961,3812101
3801995,3812153
3802005,3812134
3802116,3812246
3802120,3818380
3802161,3812290
3802204,3812496
3802204,3812500
3802236,3812353
3802240,3812356
3802707,3812746
3802956,3812954
3803032,3813036
3803142,3813137
3803204,3813204
3803268,3813286
3803323,3813361
3803368,3813405
3803402,3813501
3803418,3814601
3803436,3813492
3803478,3813564
3803509,3813583
3803537,3813628
3803626,3813787
3803638,3813732
3803639,3813733
3803663,3813768
3803749,3813841
3803769,3813872
3803807,3813899
3803895,3813987
3803957,3814049
3804003,3814103
3804027,3814128
3804062,3814178
3804081,3814194
3804271,3814378
3804290,3814396
3804301,3814408
3804521,3814876
3804537,3814646
3804551,3814664
3804606,3814713
3804684,3814799
3804744,3814857
3804882,3814988
3804900,3815001
3805068,3815184
3805165,3815286
3805199,3815322
3805259,3815389
3805276,3815399
3805282,3815407
3805283,3815403
3805303,3815422
3805332,3815457
3805383,3815502
3805629,3815751
3805811,3815892
3805838,3815914
3805869,3815947
3806104,3816204
3806111,3816263
3806214,3816315
3806223,3816324
3806223,3816328
3806320,3820235
3806412,3817677
3806470,3816559
3806474,3816563
3807019,3817077
3807086,3817151
3807098,3817165
3807419,3817584
3807426,3817557
3807873,3818062
3807887,3818076
3807902,3818095
3808025,3818210
3808605,4219832
3808628,3818819
3808796,3818987
3809051,3819251
3809324,3819475
3809996,3820040
3810108,3820361
3810151,3820227
3810184,3820272
3810224,3820324
3810288,3820400
3810316,3820424
3810331,3820448
3810390,3820518
3810408,3820540
3810496,3820640
3810566,3820705
3810598,3820744
3810607,3820749
3810617,3820758
3810619,3820768
3810633,3822280
3810985,3822596
3811031,3821193
3811226,3821405
3811283,3821465
3811331,3821528
3811424,3821644
3811424,4266982
3811428,3821619
3811428,3821622
3811535,3821737
3811712,3821918
3811727,3825803
3812100,3822248
3812209,3822371
3812250,3822422
3812351,3822608
3812494,3822672
3812588,3822773
3812605,3822784
3812734,3823239
3812945,3823192
3813169,3823396
3813405,3823618
3813468,3826596
3813592,3823807
3813927,3824151
3813972,3824198
3814388,3824549
3814392,3824553
3814560,3824735
3815015,3825145
3815273,3825343
3815574,3825770
3815862,3825923
3815891,3825960
3816028,3826073
3816067,3826108
3816192,3826190
3816240,3826413
3816634,3826527
3816787,3826683
3816821,3826727
3816878,3826799
3816890,3826809
3816944,3826870
3817131,3827061
3817307,3827247
3817318,3827681
3817432,3827374
3817785,3827677
3817902,3827799
3818024,3827920
3818097,3827989
3818163,3828033
3818181,3828064
3818584,3828515
3818600,3828410
3818644,3848454
3818834,3847320
3818902,3828687
3819075,3828837
3819455,3829195
3819959,3829615
3820004,3829655
3820688,3830169
3820772,3830261
3820792,3830284
3820828,3830323
3820890,3830393
3821083,3830570
3821083,3830573
3821151,3830636
3821185,3830682
3821331,3830881
3821900,3840238
3821991,3840917
3822087,3831540
3822510,3836867
3822882,3832208
3822911,3832235
3823099,3841204
3823099,3841225
3823268,3836441
3823411,3832663
3823413,3832668
3823742,3832985
3823804,3833047
3824318,3837136
3824569,3834085
3824878,3834019
3825016,3850508
3825085,3834378
3825976,3834899
3826065,3835027
3826084,3835428
3826103,3835053
3826237,3835211
3826316,3835306
3826330,3835314
3826373,3835349
3826444,3836553
3826542,3836213
3826876,3835873
3826937,3835934
3826956,3835947
3826956,4325406
3827073,3838137
3827131,3836123
3827240,3836209
3827257,3836227
3827263,3836234
3827459,3836407
3827623,3836575
3827679,3836651
3827765,3836739
3827877,3836837
3828074,3837044
3828225,3837195
3828954,3837854
3829090,3837969
3829187,3838078
3829429,3852386
3829492,3838329
3829613,3838436
3829643,3838480
3829646,3841727
3829734,3838560
3829754,3838586
3829957,3838862
3830021,3838953
3830025,3838977
3830140,3839040
3830152,3839050
3830190,3839095
3830414,3839467
3830441,3839493
3830606,3839653
3830653,3840378
3830655,3839698
3830677,3843478
3830734,3839777
3830862,3839897
3830906,3842626
3830932,3867504
3831045,3840021
3831254,3840196
3831422,3840339
3831543,3840494
3831690,3840694
3831773,3840794
3831834,3840963
3831854,3840885
3831888,3840946
3831965,3841047
3831973,3841060
3832047,3841149
3832176,3841320
3832245,3841404
3832392,3841629
3832484,3841745
3832572,3841860
3832598,3841883
3832617,3841905
3832620,3846212
3832624,3841913
3832643,3843947
3832678,3841976
3832690,3841986
3832690,3841991
3832710,3842009
3832712,3842039
3832912,3842228
3832950,4231106
3833173,3842477
3833182,4318283
3833308,3842605
3833452,3842819
3833522,3843065
3833579,3842870
3833668,3843018
3833773,3843090
3833780,3843490
3833873,3843212
3833880,3844776
3833985,3843350
3834287,3843712
3834413,3843866
3834594,3844090
3834747,3844275
3834822,3844354
3834852,3846741
3834895,3844452
3834941,3844508
3835014,3844594
3835077,3844675
3835154,3844749
3835166,3844762
3835189,3844789
3835397,3845052
3835441,3845335
3835507,3845201
3835570,3845242
3835594,3845267
3835705,3845388
3835807,3845501
3836064,3845748
3836248,3845919
3836248,3845920
3836291,3845981
3836437,3846137
3836611,3846384
3836683,3846479
3836720,3846536
3836750,3846578
3836873,3846719
3836884,3846739
3836951,3846799
3836970,3850016
3837170,3847021
3837190,3847041
3837200,3847054
3837262,3847119
3837916,3848477
3837994,3847939
3838422,3849336
3838578,3848487
3838683,3850127
3838816,3848686
3838898,3848746
3838900,3848745
3838900,3856824
3839220,3848990
3839274,3849047
3839289,3849499
3839312,3849100
3839326,3849153
3839454,3849254
3839527,3849348
3839592,3849445
3839634,3849490
3839643,3851215
3839670,3849534
3839745,3849600
3839810,3849672
3840038,3849948
3840063,3849992
3840138,3850056
3840159,3850087
3840191,3850111
3840565,3850529
3841417,3851332
3841618,3851537
3841772,3851787
3841811,3851746
3841885,3851808
3842092,3851978
3842198,3852078
3842411,3852247
3842524,3852654
3842557,3852399
3842642,3852486
3842750,3852570
3842928,3852745
3842936,3852750
3843063,3852888
3843090,3852911
3843380,3853155
3843679,3853386
3843832,3853511
3844023,3853693
3844023,3853695
3844227,3853887
3845325,3857013
3845469,3854747
3845493,3854779
3845623,3854939
3845774,3855092
3845777,3855094
3845822,3855123
3845832,3855185
3845883,3855537
3846014,3855308
3846132,3855468
3846145,3855479
3846199,3855533
3846485,3855831
3846827,3959906
3846973,3856273
3847062,3856383
3847116,3856426
3847418,3856743
3848111,3857350
3848400,3857606
3848625,3857816
3848657,3857850
3848668,3857870
3848888,3858047
3849006,3859420
3849149,3858273
3849326,4055030
3849384,3858500
3849415,3858527
3849530,3867849
3849629,3858734
3849673,3858786
3850026,3859056
3850667,3859621
3850772,3859756
3850967,3859930
3850971,3859933
3851322,3860254
3851372,3860291
3851588,3860531
3851714,3860641
3851873,3860791
3851989,3860911
3852136,3861058
3852365,4113687
3852367,3861252
3852596,3862017
3852602,3892275
3853131,3867042
3853693,3862529
3853733,3862572
3853733,4368347
3853754,3862587
3854531,3863197
3854736,3863359
3855502,3863952
3855747,4150053
3855984,3864564
3856067,3864703
3856067,3864707
3856249,3885458
3856744,3865323
3856984,3865521
3857849,3866242
3857854,3866246
3857965,3866358
3858141,3866520
3858142,3866523
3858189,3875587
3858754,3867040
3859165,3873392
3859335,3867513
3859444,3867616
3859513,3867673
3859613,3867764
3859697,3867851
3859716,3867875
3859769,3867942
3859871,3868042
3859888,3868059
3860097,3868270
3860181,3869067
3860247,3868405
3860297,3868458
3860405,3868533
3860414,3868545
3860415,3868542
3860479,3868598
3860568,3870407
3860570,3868679
3860595,3868695
3860620,3868715
3860706,3891962
3860736,3868816
3860898,3868976
3861595,3869532
3861632,3869564
3861710,3869632
3862056,3869919
3862090,3869957
3862094,3869958
3862107,3870063
3862107,4295185
3862126,3869999
3862184,3870062
3862214,3870103
3862319,3870242
3862332,3870332
3862368,3870308
3862423,3870370
3862433,3870759
3862493,3870441
3862498,3870453
3862499,3870446
3862549,3870517
3862568,3873231
3862592,3870569
3862595,3870583
3862689,3870690
3862733,3870765
3862821,3870891
3862831,3870902
3862850,3870915
3862857,3870930
3862897,3870985
3862986,3871098
3863034,3871323
3863182,3871310
3863225,3871344
3863348,3879526
3863600,3871742
3863642,3871780
3863856,3871989
3863888,3872019
3864222,3872341
3864364,3872499
3864402,3872547
3864459,3873347
3864543,3874493
3864632,3872815
3864645,3872834
3864711,3872919
3864764,3872994
3864767,3872995
3864795,3873038
3864829,3873075
3864887,3873151
3864896,3873159
3864917,3873185
3864931,3873213
3864959,3873234
3864999,3873300
3865033,3873366
3865062,3873372
3865093,3873410
3865227,3873569
3865239,3873575
3865391,3873757
3865449,3873807
3865466,3873832
3865497,3873884
3865552,3873917
3865622,3873988
3865659,3874016
3865722,3874097
3865884,3874229
3865888,3874246
3865952,3874292
3865976,3880235
3865992,3874337
3866050,3874375
3866254,3874593
3866281,3874649
3866294,3874636
3866418,3874825
3866455,3874843
3866559,3874952
3866579,3874977
3866587,3874981
3866593,3920603
3866627,3875023
3866719,3875115
3867058,3875471
3867091,3875505
3867121,3875599
3867341,3875791
3867402,3875863
3867468,3875927
3867480,3875978
3867507,3875970
3867508,3875967
3867576,3876046
3867804,3876284
3867812,3876294
3868029,3876468
3868118,3876564
3868213,3876674
3868562,3877040
3868664,3877155
3868822,3877306
3869119,3877608
3869249,3877730
3869848,3878249
3870114,3878474
3870966,3879102
3870966,3879103
3871235,3881181
3871301,3879368
3871370,3879445
3871519,3879601
3871568,3879654
3871789,3879866
3871948,3880035
3872090,3880182
3872387,3880477
3872470,3880533
3872588,3880638
3872710,3880730
3872757,3880772
3872789,3880796
3873118,3881145
3873183,3881197
3873191,3881200
3873408,3881408
3873609,3881585
3873888,3881835
3873954,3881893
3874259,3882183
3874652,3882674
3874665,3882683
3875994,3883714
3876589,3884217
3876628,3884256
3876881,3884485
3877381,3884889
3877413,3884925
3877746,3885210
3878334,3885681
3878420,3885747
3879607,3886641
3880702,3887468
3880762,3888130
3880762,3888133
3881180,3893842
3881293,3887981
3881378,3888053
3881954,3888779
3882296,3888816
3882513,3889018
3882673,3889141
3883106,3891255
3883795,3890048
3883884,3890104
3884202,4073451
3884262,3890437
3885073,3891330
3885133,3891069
3885327,3891207
3885390,3891268
3885622,3895635
3885632,3891493
3885780,3891624
3885941,3892881
3885944,3891794
3886161,3892031
3886226,3892109
3886557,3892398
3886643,3892473
3886655,3892481
3886663,3892485
3886678,3892497
3886988,3892749
3887167,3892969
3887290,3893190
3887314,3893136
3887497,3893345
3887569,3893420
3887601,3893456
3887665,3896512
3887794,3893773
3887848,3893840
3888077,3893969
3888084,3893977
3888094,3893996
3888154,3894109
3888202,3894104
3888235,3894134
3888262,3896663
3888508,3894394
3888528,3894402
3888542,3894410
3888618,3894492
3888618,3894509
3888652,3894512
3888710,3894590
3888742,3894623
3888893,3894824
3888896,3894835
3888901,3894838
3888964,3894918
3889120,3895091
3889132,3897665
3889222,3895203
3889256,3895246
3889288,3895270
3889316,3895316
3889389,3895407
3889394,3895416
3889534,3895597
3889539,3895588
3889545,3895599
3889559,3895623
3889643,3895715
3890160,3896207
3890178,3896213
3890183,3896217
3890491,3896489
3890592,3896611
3890592,4370924
3890602,3896618
3890731,3896798
3890753,3896807
3890906,3897197
3890906,3897199
3890939,3897025
3891074,3897171
3891196,3897306
3891308,3897456
3891315,3897447
3891765,3897910
3891766,3897908
3892075,3898534
3892081,3898180
3892097,3898194
3892448,3898583
3892590,3898739
3892605,3898752
3892865,3899016
3892900,3899053
3893561,3917307
3893618,3899717
3893718,3899827
3893770,3899874
3894046,3900149
3894104,3900217
3894136,3900347
3894212,3900310
3894258,3900363
3894441,3900569
3894597,3900711
3894805,3900871
3895111,3901107
3895400,3901357
3895509,3901469
3895783,3901707
3896043,3901949
3896076,3901983
3896108,3902014
3896147,3902037
3896295,3902189
3896295,4365662
3896717,3904510
3897129,3903000
3897546,3903398
3898026,3903825
3898204,3903968
3898219,3903983
3898255,3904022
3898278,3904085
3898558,3904318
3898851,3904596
3898859,3904605
3899305,3904983
3899387,3905072
3899388,3905077
3899552,3905242
3899553,3905244
3899700,3905618
3900327,3906004
3900349,3906026
3900388,3906069
3900548,3906243
3900638,3906317
3900661,3906463
3900921,3906792
3901143,3907236
3901412,3907583
3901759,3907525
3901930,3907679
3902550,3908322
3902775,3908714
3903255,3909159
3903340,3909242
3903694,3909495
3903762,3909550
3904009,3909765
3904403,3910134
3904435,3910154
3904561,3910252
3904938,3910574
3905083,3910675
3905340,3910865
3905400,3910917
3905404,3910920
3905624,3911137
3905729,3911250
3905874,3911379
3905995,3911478
3906541,4035523
3906954,3912339
3907105,3912509
3907363,3912751
3907552,3912931
3907870,3913207
3907962,3915751
3908388,3913620
3908626,3913830
3908700,3957468
3909356,3914498
3909515,4149536
3909543,3914629
3909587,3914667
3910383,3915284
3910447,3915767
3910503,3915355
3910525,3918179
3910956,3915705
3911298,3915991
3911702,3916324
3911780,3922388
3912090,3916671
3912090,3916696
3912165,3916734
3912203,3916773
3912526,3919138
3912569,4004087
3912701,3917248
3912806,3917344
3913019,3917554
3913105,3917630
3913131,3917654
3913201,3925383
3913671,3918241
3913784,3918349
3913977,3920810
3914025,3918556
3914100,3918631
3914162,3918683
3914177,3918696
3914256,3918782
3914296,3918829
3914384,3918945
3914412,3918970
3914634,3919235
3914842,3919498
3914850,3919492
3914912,3919562
3915005,3919659
3915112,3919750
3915161,3919810
3915214,3919865
3915706,3920449
3915884,3920652
3915894,3920664
3915947,3920725
3916004,3920782
3916289,3921103
3916310,3921609
3916433,3921243
3916751,3923782
3916958,3921778
3916960,3921783
3917038,3921884
3917159,3922024
3917254,3922172
3917326,3922221
3917597,3922503
3917714,3922660
3917769,3922723
3918262,3923234
3918598,3930328
3918710,3923607
3918776,3923667
3918789,3923715
3918897,3923830
3918967,3923927
3918991,3923989
3919016,3923980
3919027,3923992
3919054,3924027
3919167,3924152
3919197,3924179
3919247,3924237
3919559,3924581
3920494,3925527
3920830,3925887
3921247,3926379
3921291,3926423
3921499,3926635
3921713,3926819
3921863,3926966
3922330,3927501
3923705,3928615
3923720,3928622
3924013,3929628
3924381,3929207
3924634,3929458
3924764,3929599
3925019,3929834
3925086,3929898
3925218,3930029
3925218,3930030
3925819,3930580
3926092,3930826
3926132,3933137
3926303,3931017
3928191,3933303
3928761,3933765
3929893,3934286
3930371,3934719
3930809,3935078
3932946,3936796
3932951,4122758
3933704,3937436
3934565,3938207
3935124,3938718
3935182,3938761
3935444,4093963
3936101,3939465
3936101,3941823
3936359,3939660
3936663,3939989
3936935,3940276
3937639,3945967
3937975,3941293
3937975,3941296
3938342,3942232
3938347,3941649
3938362,3941665
3938515,3941808
3938884,3942229
3939748,3943035
3939936,3943218
3940147,3943460
3940855,3944231
3941661,3946191
3941896,3945202
3943983,4039093
3944163,3947224
3944307,3947360
3948758,4056151
3949788,3952810
3949891,3952731
3953110,3955833
3953181,3955910
3955516,3957981
3955770,3958243
3955871,3962311
3957135,3959745
3957533,3960065
3957666,3960926
3958398,4352370
3958522,3961972
3960102,3962379
3961516,3963890
3961726,3964114
3962959,3965490
3963456,3965911
3963815,3966346
3963815,3966350
3964173,4102973
3964232,3966800
3965697,3968342
3965714,3968356
3966034,3968727
3967600,3969980
3967632,3970010
3967733,3970133
3968671,3971231
3968697,3971265
3969046,3971564
3969174,3971671
3969233,3997530
3969645,3972119
3971168,3973578
3971792,3974237
3972160,3974628
3972309,3974784
3973034,3983153
3973813,3976256
3974020,3976434
3975336,3977667
3975441,3977757
3975835,3978075
3977683,3979710
3978046,3980135
3978182,3980284
3978291,3980406
3978322,3980440
3981508,3983173
3981610,3983273
3982743,3984308
3982788,3984353
3983142,3984714
3983750,3985283
3983786,4064769
3985299,4026029
3985894,3987248
3986010,3987342
3986127,4094121
3986809,3988146
3987195,3988533
3987205,4000487
3987571,3988893
3988014,4079272
3988735,3989862
3989105,3990220
3989106,3990222
3989293,3990421
3989391,4044109
3989501,3990598
3989583,3990672
3989659,3990727
3990711,3993537
3991166,3992089
3991323,3992264
3991359,3992300
3993805,3994899
3993838,4117459
3994240,3995303
3994618,4076826
3994707,4031320
3996132,4035962
3996241,3997443
3997046,3998171
3998250,4086657
3999601,4000987
3999941,4001393
4000635,4002100
4000679,4002159
4000946,4109835
4000988,4002440
4001116,4002549
4002164,4003574
4002321,4003766
4002379,4157295
4004025,4005689
4005607,4007358
4005661,4007432
4005979,4149449
4006435,4008103
4007255,4009037
4007521,4009334
4007549,4009385
4007927,4009831
4009043,4011198
4009122,4137996
4009227,4011389
4009429,4012440
4009672,4018126
4010183,4012561
4010278,4012695
4010395,4012934
4010878,4013512
4011340,4055762
4011801,4014678
4011975,4014888
4012100,4015035
4012347,4015268
4012370,4015282
4012467,4095545
4012872,4017048
4012943,4015845
4013017,4015920
4013656,4045791
4013656,4045816
4014290,4017204
4014488,4019386
4014688,4017589
4015042,4017904
4015061,4017922
4015317,4018229
4015495,4018438
4015645,4018550
4016332,4019347
4016444,4019653
4016527,4019555
4017793,4020835
4017998,4021036
4018394,4021428
4018511,4028700
4018575,4021594
4018656,4022236
4018818,4021805
4018950,4021922
4019364,4104488
4020035,4025055
4020054,4022960
4020818,4024013
4022192,4025570
4022225,4025610
4023303,4026918
4023338,4026986
4023906,4027635
4025743,4352138
4025862,4030047
4026805,4031219
4027056,4031553
4027142,4031660
4028473,4033501
4028568,4033712
4028660,4033762
4028761,4034041
4029191,4034425
4029191,4034477
4029646,4035015
4030031,4035554
4030185,4087985
4030382,4035983
4030686,4036340
4031685,4037512
4032721,4038657
4033197,4039134
4033861,4067189
4034776,4040842
4035297,4041492
4036246,4042723
4036265,4098487
4036514,4043106
4037126,4043925
4037243,4044085
4037740,4044735
4037844,4044865
4037967,4325546
4038195,4045325
4038308,4045498
4038463,4045760
4039072,4046471
4039698,4051002
4039907,4047620
4040396,4048257
4040453,4048337
4040632,4048675
4040654,4048614
4041120,4049201
4041314,4049519
4041632,4049917
4041792,4050195
4041835,4050270
4042566,4051204
4042621,4065501
4043675,4052692
4043795,4052914
4044582,4053956
4044615,4054032
4044617,4054003
4045427,4055146
4046928,4057283
4046991,4057346
4047207,4057652
4047893,4058556
4048210,4059020
4048650,4059612
4050620,4094518
4052379,4064926
4052602,4065442
4052813,4065470
4052906,4065620
4053777,4066648
4053925,4066836
4053968,4066894
4054878,4067986
4054911,4112293
4055105,4068311
4055348,4068536
4055789,4069044
4056127,4111788
4056140,4127070
4056799,4070213
4057012,4070463
4058101,4071645
4058280,4074001
4058298,4071877
4058859,4072611
4059114,4072978
4059169,4073062
4059311,4073390
4060074,4074316
4060099,4074349
4060429,4074825
4060533,4074942
4060623,4075068
4060724,4075188
4060780,4092925
4061170,4075801
4061492,4076240
4061954,4076956
4062007,4076959
4063064,4078414
4063070,4078400
4063142,4108971
4063484,4078947
4063511,4079012
4063938,4079606
4063977,4079701
4064169,4079976
4064329,4080223
4065685,4084754
4066288,4082729
4066875,4083481
4068496,4085622
4069467,4086928
4069977,4087657
4069991,4098429
4070368,4088152
4070529,4088418
4070825,4088728
4070946,4093560
4071767,4089842
4071849,4089958
4072127,4111217
4072281,4109064
4072667,4090941
4072697,4090969
4073650,4092128
4073652,4092161
4073730,4092252
4074323,4092968
4074491,4093120
4074562,4093211
4075531,4094249
4075816,4094589
4076027,4094782
4076070,4094847
4076547,4095410
4077150,4096181
4077225,4096316
4078033,4097418
4078316,4367176
4078589,4098122
4078736,4098329
4078903,4112623
4079144,4098934
4079230,4128752
4079360,4099230
4079361,4099208
4079437,4125654
4079618,4099546
4079802,4099856
4080240,4100973
4080350,4100677
4080411,4100820
4080843,4101349
4080843,4101383
4081019,4101593
4081165,4101838
4081749,4102641
4082304,4103441
4082336,4103501
4082341,4103588
4082602,4109333
4082627,4104080
4082793,4104136
4082891,4104264
4082937,4104470
4083286,4104950
4083403,4105144
4083480,4106180
4083592,4105402
4084253,4106311
4084794,4107139
4084934,4107300
4085116,4107564
4085334,4107942
4085546,4150114
4086119,4109106
4086121,4109087
4086337,4109534
4086554,4109792
4086641,4109941
4086985,4110562
4087401,4111053
4087418,4111049
4087570,4111305
4087845,4111878
4087968,4119315
4088274,4112229
4088541,4112733
4088668,4112792
4089084,4113666
4089084,4305999
4089221,4151615
4089336,4135133
4090119,4114844
4090130,4114750
4090267,4114922
4090387,4115362
4090466,4115190
4090788,4115569
4090829,4116084
4091735,4116880
4091789,4117010
4092461,4117844
4092811,4118472
4093107,4118801
4093181,4118849
4093458,4119209
4093515,4119360
4094655,4121110
4094764,4121175
4095013,4122897
4095070,4124864
4095781,4122584
4096110,4123118
4096265,4123423
4096537,4123653
4096714,4124038
4096754,4124047
4096771,4150847
4097215,4126604
4097572,4125120
4097692,4125256
4097850,4125455
4098239,4126098
4098868,4127029
4099282,4146271
4099562,4127995
4099842,4128432
4100521,4129704
4100874,4129993
4101005,4130205
4101150,4130423
4101333,4130683
4101423,4130817
4101599,4131073
4101713,4131246
4101807,4131364
4101900,4131530
4101948,4131585
4102032,4131684
4102264,4132288
4102269,4132016
4103374,4133649
4104393,4135071
4104889,4135777
4104889,4135842
4105193,4136226
4105415,4136517
4105497,4136661
4105907,4137489
4105977,4138918
4107498,4139455
4108186,4140413
4108649,4141025
4109045,4141539
4109426,4141983
4109995,4142656
4110594,4143348
4110683,4143578
4111038,4143838
4111184,4144026
4111245,4144056
4111536,4144397
4112028,4144990
4112208,4145126
4112487,4145382
4113176,4146216
4113202,4146156
4113202,4146176
4113476,4146519
4113543,4146557
4114206,4147192
4115050,4148201
4115522,4148756
4115740,4161915
4116441,4150077
4117280,4151300
4118259,4152612
4118329,4152702
4119666,4154456
4119811,4154649
4120215,4155181
4120306,4155368
4121180,4156535
4121968,4157642
4122266,4158076
4122446,4158312
4123435,4159626
4123808,4160070
4123931,4160190
4124780,4161203
4126201,4162509
4126367,4162668
4126778,4162996
4128581,4164736
4128728,4164875
4129152,4165206
4130405,4166303
4130523,4166389
4131135,4167022
4131617,4167616
4132023,4168114
4132165,4168268
4133074,4169482
4133298,4169528
4133446,4169699
4134221,4170606
4134533,4170980
4134951,4171416
4137004,4173278
4138167,4174353
4138281,4175657
4138328,4174513
4138602,4174763
4138971,4175151
4139685,4175905
4140110,3952579
4140332,4176505
4140343,4176520
4142011,4177810
4142574,4178318
4142726,4178447
4143394,4179177
4145715,4180861
4146487,4181603
4148021,4182647
4148997,4183401
4149475,4183829
4151211,4185087
4152069,4185687
4152162,4185784
4152264,4185881
4153195,4186738
4153496,4187094
4153496,4349824
4154718,4187908
4155126,4188217
4161647,4193150
4162906,4194108
4162995,4194174
4163120,4194286
4163288,4194417
4163755,4194764
4164445,4195359
4165189,4195775
4165880,4196247
4168633,4198237
4169540,4198958
4169620,4199021
4170449,4201544
4171056,4208296
4171751,4200748
4171751,4200749
4172209,4201136
4173724,4202714
4176385,4205393
4176476,4204758
4176644,4204947
4176831,4205128
4176969,4205246
4179167,4207467
4179384,4208467
4179525,4207877
4179636,4208037
4179988,4208445
4180541,4209095
4181430,4210056
4181819,4210521
4181873,4210581
4182103,4210845
4183614,4212395
4183632,4212418
4183634,4212420
4183634,4212423
4183701,4212522
4184514,4213409
4184639,4213593
4188895,4217282
4189058,4217423
4189101,4217464
4190110,4218195
4190553,4218811
4192805,4220513
4195505,4354844
4195930,4222941
4196086,4223072
4196259,4223233
4197359,4224165
4199933,4226149
4200933,4226901
4201449,4247723
4204512,4232420
4204681,4230032
4204733,4230187
4206346,4337075
4207084,4232321
4207892,4233184
4207973,4233263
4208006,4233299
4208778,4234172
4210066,4235517
4210136,4235577
4210444,4235914
4210444,4235919
4210457,4235935
4210616,4236105
4210889,4236381
4212077,4237455
4212079,4237459
4212296,4239668
4213211,4238281
4217647,4241920
4219753,4243550
4220506,4244107
4220893,4245749
4222824,4245792
4224636,4247199
4227700,4249553
4227707,4249558
4229319,4250971
4230083,4251611
4230191,4251686
4230474,4252041
4230714,4252355
4230870,4252557
4231518,4253304
4231625,4253460
4231957,4253842
4232362,4254325
4232466,4254454
4232697,4254736
4232767,4254805
4232787,4254823
4232800,4254839
4233077,4255161
4235367,4258763
4235857,4257841
4236555,4258567
4236647,4258656
4237271,4259150
4240684,4262275
4240686,4262268
4240704,4262292
4241457,4263054
4245469,4266432
4245974,4266865
4250649,4278011
4253323,4272976
4253670,4273341
4253858,4273521
4255492,4274973
4256020,4275623
4256051,4275669
4256075,4275693
4256404,4276101
4256501,4276196
4257329,4277150
4257524,4277387
4257775,4277691
4258146,4278086
4259020,4278935
4259273,4279213
4260618,4280622
4261254,4281254
4261840,4281774
4261847,4281764
4261975,4281889
4262396,4282221
4264425,4283947
4268430,4287149
4269103,4287771
4269105,4287776
4272379,4294274
4274817,4306981
4276057,4293354
4276952,4294060
4277520,4294579
4277740,4294817
4279393,4296595
4281698,4298994
4282441,4299943
4283451,4300646
4283981,4301246
4283987,4301230
4284764,4302121
4284852,4302216
4285084,4302474
4285867,4303248
4285923,4303325
4285958,4303354
4286143,4303588
4286367,4303804
4286418,4303876
4286519,4303964
4287151,4304530
4287547,4304901
4290172,4306946
4290428,4307212
4291503,4308201
4293464,4309898
4293583,4309985
4295076,4311159
4295898,4311847
4296158,4312170
4297046,4312745
4298103,4313649
4298615,4314008
4299367,4314602
4299517,4314748
4299754,4314990
4299810,4315001
4300286,4315377
4300815,4315875
4300914,4315984
4302207,4317115
4302504,4317386
4302848,4317668
4304903,4319616
4305648,4320443
4305966,4320854
4305980,4320976
4306058,4320988
4306137,4321724
4306202,4321192
4306289,4321308
4306473,4321534
4306525,4321641
4306754,4321847
4307114,4322236
4307139,4322241
4307199,4322301
4307212,4322743
4307743,4322827
4307756,4322868
4308589,4323826
4308639,4323869
4309134,4324481
4309791,4325240
4309791,4325243
4310040,4325508
4311588,4326903
4311650,4326969
4312385,4327884
4314388,4330017
4315677,4331579
4316507,4332193
4316914,4332606
4317084,4332771
4317594,4333235
4318942,4334466
4319060,4334575
4319450,4334930
4320296,4335588
4320476,4335767
4322602,4337512
4323036,4337833
4323067,4338420
4326065,4340047
4326185,4340131
4327175,4340848
4327574,4341151
4329672,4344476
4330193,4343143
4330306,4343182
4332859,4345134
4333962,4345867
4333998,4345903
4334616,4346414
4335234,4347432
4335238,4346964
4335416,4347180
4335599,4347414
4335608,4347423
4335634,4347449
4335942,4347812
4336551,4348425
4336891,4348740
4336968,4348834
4338193,4350201
4339123,4351151
4339244,4351306
4339502,4351573
4339641,4351729
4339711,4351803
4339714,4351806
4340259,4352288
4340882,4352917
4340983,4353028
4342074,4353809
4342074,4353811
4342081,4353814
4342226,4353968
4342342,4354104
4342437,4354180
4342779,4354505
4343135,4354845
4344396,4356012
4345088,4356848
4345157,4357891
4345407,4356851
4346769,4357827
4346904,4357977
4346947,4358056
4347158,4358215
4348874,4359623
4349044,4359775
4349711,4360275
4351686,4361672
4352386,4362147
4354251,4363646
4354849,4364108
4355081,4364455
4355410,4364507
4355870,4364807
4356943,4365676
4357060,4365782
4357131,4365839
4357217,4365918
4357335,4366000
4357918,4366573
4358487,4367051
4358544,4367116
4358926,4367568
4358967,4367621
4358993,4367652
4359044,4367721
4359072,4367752
4359454,4368185
4359811,4368551
4359906,4368653
4360397,4369164
4360638,4369451
4361146,4370432
4361901,4370748
4361911,4370742
4362019,4370863
4362058,4370903
4362414,4371285
4362455,4371326
4363467,4372273
4363812,4372620
4369558,4377428
4369861,4377721
4373675,4380714
4374418,4381366
4377699,4383920
4379473,4385574
4380567,4386608
4381119,4387088
4381485,4387561
4381763,4387854
4383214,4389391
4383281,4389463
4383896,4389994
4384604,4390831
4387856,4394032
4388594,4394671
4394197,4399542
